{
  "trained_at": "2026-06-15 16:21:48",
  "test_accuracy": 0.9333333333333333,
  "cv_accuracy": 0.9245567375886525,
  "params": {
    "learning_rate": 0.2,
    "max_depth": 2,
    "n_estimators": 100
  },
  "train_size": 238,
  "test_size": 60
}