{
  "trained_at": "2026-06-14 19:17:50",
  "test_accuracy": 0.9047619047619048,
  "cv_accuracy": 0.8741532976827096,
  "params": {
    "learning_rate": 0.2,
    "max_depth": 2,
    "n_estimators": 100
  },
  "train_size": 167,
  "test_size": 42
}